date_char,name_image,date,valence,arousal
2.02108E+13,NA,2021-08-12 21:28:11,5.354269,4.4596076
2.02108E+13,NA,2021-08-12 21:28:16,5.3483415,4.460746
2.02108E+13,NA,2021-08-12 21:28:21,5.348478,4.451868
2.02108E+13,NA,2021-08-12 21:46:10,3.6871681,4.32183
2.02108E+13,DITL_va6,2021-08-12 21:46:16,3.6844482,4.3372297
2.02108E+13,NA,2021-08-12 21:46:18,3.6844482,4.3372297
2.02108E+13,NA,2021-08-12 21:46:26,5.3271103,4.7139463
2.02108E+13,NA,2021-08-12 21:46:31,3.6999133,4.2754865
2.02108E+13,NA,2021-08-12 21:46:36,4.390684,4.053896
2.02108E+13,NA,2021-08-13 00:21:54,3.835226,4.2205076
2.02108E+13,NA,2021-08-13 00:22:01,3.8463612,4.244361
2.02108E+13,NA,2021-08-13 00:22:05,3.6975734,4.320401
2.02108E+13,NA,2021-08-13 01:05:01,3.6837358,4.3109293
2.02108E+13,NA,2021-08-13 07:05:13,3.7905898,4.2462435
2.02108E+13,NA,2021-08-13 14:20:58,4.181676,4.1073837
2.02108E+13,NA,2021-08-13 15:23:06,3.7191024,4.328609
2.02108E+13,NA,2021-08-13 15:23:11,5.6114335,5.441099
2.02108E+13,NA,2021-08-13 15:23:16,4.442399,4.1160517
2.02108E+13,NA,2021-08-13 15:23:21,5.3117523,4.484112
2.02108E+13,NA,2021-08-13 15:23:26,5.4166303,4.429937
2.02108E+13,NA,2021-08-13 23:07:16,3.6806989,4.3527107
2.02108E+13,NA,2021-08-14 07:52:03,3.7012544,4.300693
2.02108E+13,NA,2021-08-16 03:22:34,4.4131327,4.0531483
2.02108E+13,NA,2021-08-16 21:06:27,5.1314964,4.207568
2.02108E+13,NA,2021-08-16 21:06:32,3.9790292,4.1778164
2.02108E+13,NA,2021-08-16 21:06:37,4.588905,4.1657324
2.02108E+13,NA,2021-08-16 21:06:42,4.2107,4.0908422
2.02108E+13,NA,2021-08-16 21:06:43,3.7214117,4.2888594
2.02108E+13,NA,2021-08-16 21:33:16,4.344969,4.0592194
2.02108E+13,NA,2021-08-16 21:37:53,3.7343183,4.324912
2.02108E+13,NA,2021-08-16 21:37:57,5.3667917,4.4182377
2.02108E+13,NA,2021-08-16 21:38:02,5.159452,4.5439854
2.02108E+13,NA,2021-08-16 21:38:07,4.3335505,4.4367485
2.02108E+13,NA,2021-08-16 21:38:12,3.803523,4.4089794
2.02108E+13,NA,2021-08-16 21:38:17,4.386118,4.4712324
2.02108E+13,NA,2021-08-16 21:38:22,4.537725,4.406314
2.02108E+13,NA,2021-08-16 21:38:27,4.540469,4.398094
2.02108E+13,NA,2021-08-16 21:38:32,5.363344,4.418497
2.02108E+13,NA,2021-08-16 21:38:37,5.3654647,4.4174156
2.02108E+13,NA,2021-08-16 21:38:42,4.5277753,4.1473308
2.02108E+13,NA,2021-08-16 21:38:47,3.8009658,4.2363944
2.02108E+13,NA,2021-08-16 21:38:52,4.425936,4.010867
2.02108E+13,NA,2021-08-16 21:38:57,5.367472,4.4198837
2.02108E+13,NA,2021-08-16 21:39:02,3.9834166,4.1682224
2.02108E+13,NA,2021-08-16 21:39:07,3.9834166,4.1682224
2.02108E+13,NA,2021-08-16 21:39:12,3.8010402,4.2185645
2.02108E+13,NA,2021-08-16 21:39:17,5.134143,4.0989857
2.02108E+13,NA,2021-08-16 21:39:22,5.0847282,3.9526956
2.02108E+13,NA,2021-08-16 21:39:27,5.4690256,4.043332
2.02108E+13,NA,2021-08-16 21:39:32,3.9404879,4.1507874
2.02108E+13,NA,2021-08-16 21:39:37,4.9322267,4.0658536
2.02108E+13,NA,2021-08-16 21:39:42,5.3975954,3.980228
2.02108E+13,NA,2021-08-16 21:39:47,5.328402,3.984922
2.02108E+13,NA,2021-08-16 21:39:52,5.400525,4.4120817
2.02108E+13,DITL_va7,2021-08-16 21:39:57,5.3178563,4.5052204
2.02108E+13,NA,2021-08-16 21:40:02,3.8640437,4.231888
2.02108E+13,NA,2021-08-16 21:40:07,3.9475374,4.183057
2.02108E+13,NA,2021-08-16 21:40:12,4.0340147,4.1132307
2.02108E+13,NA,2021-08-16 21:40:17,5.384663,4.2661214
2.02108E+13,NA,2021-08-16 21:40:22,4.4214945,4.10878
2.02108E+13,NA,2021-08-16 21:40:27,5.3277745,3.9770532
2.02108E+13,NA,2021-08-16 21:40:32,5.7373066,5.340405
2.02108E+13,NA,2021-08-16 21:40:37,4.249889,4.1246676
2.02108E+13,NA,2021-08-16 21:55:34,3.6758132,4.319855
2.02108E+13,NA,2021-08-16 21:55:42,3.7516413,4.273849
2.02108E+13,NA,2021-08-17 01:47:26,3.734818,4.2944164
2.02108E+13,NA,2021-08-17 02:24:21,3.6890697,4.351618
2.02108E+13,NA,2021-08-17 02:24:22,3.6890697,4.351618
2.02108E+13,NA,2021-08-17 02:24:24,3.6890697,4.351618
2.02108E+13,NA,2021-08-17 02:24:27,3.7071939,4.3691173
2.02108E+13,NA,2021-08-17 03:50:53,3.7711506,4.265681
2.02108E+13,NA,2021-08-17 03:50:57,4.3370714,4.1077642
2.02108E+13,NA,2021-08-17 03:51:02,4.788676,4.1223655
2.02108E+13,NA,2021-08-17 03:51:07,5.738752,5.3390217
2.02108E+13,NA,2021-08-17 03:51:12,4.576641,4.1275196
2.02108E+13,DITL_va55,2021-08-17 03:51:17,5.240073,3.88512
2.02108E+13,NA,2021-08-17 03:51:22,5.240073,3.88512
2.02108E+13,NA,2021-08-17 03:51:27,5.240073,3.88512
2.02108E+13,NA,2021-08-17 03:51:32,5.229894,3.910873
2.02108E+13,NA,2021-08-17 03:51:37,4.0013733,4.1564245
2.02108E+13,NA,2021-08-17 03:51:42,4.0013733,4.1564245
2.02108E+13,NA,2021-08-17 03:51:47,4.0013733,4.1564245
2.02108E+13,NA,2021-08-17 03:51:52,4.0013733,4.1564245
2.02108E+13,NA,2021-08-17 03:51:57,4.0013733,4.1564245
2.02108E+13,NA,2021-08-17 03:52:02,3.9986925,4.156976
2.02108E+13,NA,2021-08-17 03:52:18,3.7708616,4.270558
2.02108E+13,NA,2021-08-17 03:52:22,3.9945264,4.158682
2.02108E+13,NA,2021-08-17 03:52:27,3.9945264,4.158682
2.02108E+13,NA,2021-08-17 03:52:32,3.9945264,4.158682
2.02108E+13,NA,2021-08-17 03:52:37,3.9945264,4.158682
2.02108E+13,NA,2021-08-17 03:52:42,3.9945264,4.158682
2.02108E+13,NA,2021-08-17 03:52:47,3.9945264,4.158682
2.02108E+13,NA,2021-08-17 03:53:42,3.8495116,4.2260127
2.02108E+13,NA,2021-08-17 03:53:47,3.991992,4.1587706
2.02108E+13,NA,2021-08-17 03:53:52,3.99128,4.159049
2.02108E+13,NA,2021-08-17 03:53:57,3.99128,4.159049
2.02108E+13,NA,2021-08-17 03:54:02,3.9919667,4.1589813
2.02108E+13,NA,2021-08-17 03:54:07,3.9616938,4.1816463
2.02108E+13,NA,2021-08-17 03:54:12,3.9810615,4.163157
2.02108E+13,NA,2021-08-17 03:54:17,3.901494,4.1894107
2.02108E+13,NA,2021-08-17 03:54:22,5.212479,3.8980403
2.02108E+13,NA,2021-08-17 03:54:27,4.6840835,4.063442
2.02108E+13,NA,2021-08-17 03:54:32,3.87226,4.1844053
2.02108E+13,NA,2021-08-17 03:54:37,4.119807,4.1184506
2.02108E+13,NA,2021-08-17 03:54:42,5.74596,5.3400745
2.02108E+13,NA,2021-08-17 03:54:47,4.4217024,4.093158
2.02108E+13,NA,2021-08-17 03:54:52,4.6978383,4.0830374
2.02108E+13,NA,2021-08-17 03:54:57,4.0149817,4.195036
2.02108E+13,NA,2021-08-17 03:55:02,3.8082142,4.24581
2.02108E+13,NA,2021-08-17 03:55:07,4.037823,4.1768503
2.02108E+13,NA,2021-08-17 03:55:12,4.2505856,4.118883
2.02108E+13,NA,2021-08-17 03:55:17,4.540628,3.998402
2.02108E+13,NA,2021-08-17 03:55:22,5.3678546,4.071699
2.02108E+13,NA,2021-08-17 03:55:27,5.7735972,5.314102
2.02108E+13,NA,2021-08-17 03:55:32,5.2158556,3.8975585
2.02108E+13,NA,2021-08-17 03:55:37,3.8721414,4.1857543
2.02108E+13,NA,2021-08-17 03:55:42,5.254028,3.904829
2.02108E+13,NA,2021-08-17 03:55:47,5.254028,3.904829
2.02108E+13,NA,2021-08-17 03:55:52,5.254028,3.904829
2.02108E+13,DITL_va8,2021-08-17 03:55:57,5.014396,3.9265137
2.02108E+13,NA,2021-08-17 03:56:02,3.9090877,4.1853137
2.02108E+13,NA,2021-08-17 03:56:07,3.8971734,4.1911087
2.02108E+13,NA,2021-08-17 03:56:12,3.9071283,4.1878014
2.02108E+13,NA,2021-08-17 03:56:17,4.847715,3.9321861
2.02108E+13,NA,2021-08-17 03:56:22,4.9167395,3.9173777
2.02108E+13,NA,2021-08-17 03:56:27,4.5662007,3.98522
2.02108E+13,NA,2021-08-17 03:56:32,3.9892197,4.132948
2.02108E+13,NA,2021-08-17 03:56:37,3.9885998,4.133091
2.02108E+13,NA,2021-08-17 03:56:42,4.2766666,4.048063
2.02108E+13,NA,2021-08-17 03:56:47,4.3816004,4.0818844
2.02108E+13,NA,2021-08-17 03:56:52,3.951038,4.180368
2.02108E+13,NA,2021-08-17 03:56:57,3.837057,4.2318473
2.02108E+13,NA,2021-08-17 03:57:02,4.043737,4.790249
2.02108E+13,NA,2021-08-17 03:57:07,5.007647,4.2332788
2.02108E+13,NA,2021-08-17 03:57:12,3.8643808,4.1880655
2.02108E+13,NA,2021-08-17 03:57:17,5.8026314,3.9627624
2.02108E+13,NA,2021-08-17 03:57:22,3.766029,4.270145
2.02108E+13,NA,2021-08-17 03:57:27,3.8677392,4.18638
2.02108E+13,NA,2021-08-17 03:57:32,3.9469938,4.1757717
2.02108E+13,NA,2021-08-17 03:57:37,3.9348688,4.172306
2.02108E+13,NA,2021-08-17 03:57:42,3.9204807,4.1903605
2.02108E+13,NA,2021-08-17 03:57:47,4.1594434,4.1146603
2.02108E+13,NA,2021-08-17 03:57:52,4.112486,4.1278515
2.02108E+13,NA,2021-08-17 03:57:57,4.1149354,4.1208673
2.02108E+13,NA,2021-08-17 03:58:02,4.1735635,4.114391
2.02108E+13,NA,2021-08-17 03:58:07,3.9871745,4.1629734
2.02108E+13,NA,2021-08-17 03:58:12,3.9550824,4.1680923
2.02108E+13,NA,2021-08-17 03:58:17,3.8867793,4.1914897
2.02108E+13,NA,2021-08-17 03:58:22,4.0149713,4.2532196
2.02108E+13,NA,2021-08-17 03:58:27,4.972998,4.543316
2.02108E+13,NA,2021-08-17 03:58:32,4.235876,4.0892553
2.02108E+13,NA,2021-08-17 03:58:37,4.373279,4.0836306
2.02108E+13,NA,2021-08-17 03:58:42,4.373279,4.0836306
2.02108E+13,NA,2021-08-17 03:58:47,4.3733315,4.083562
2.02108E+13,NA,2021-08-17 03:58:52,3.8040724,4.2698445
2.02108E+13,NA,2021-08-17 03:58:57,4.0069194,4.2307634
2.02108E+13,NA,2021-08-17 03:59:02,4.061474,4.1711054
2.02108E+13,NA,2021-08-17 03:59:07,5.007852,4.214004
2.02108E+13,NA,2021-08-17 03:59:12,4.001066,4.2219186
2.02108E+13,NA,2021-08-17 03:59:17,3.9165874,4.1908236
2.02108E+13,NA,2021-08-17 03:59:22,4.4371786,4.428742
2.02108E+13,NA,2021-08-17 03:59:27,3.961246,4.2488313
2.02108E+13,NA,2021-08-17 03:59:32,4.472459,4.305174
2.02108E+13,NA,2021-08-17 03:59:37,5.1583548,4.0991454
2.02108E+13,NA,2021-08-17 03:59:42,4.2860894,4.2850966
2.02108E+13,NA,2021-08-17 03:59:47,4.090561,4.3254414
2.02108E+13,NA,2021-08-17 03:59:52,4.0840926,4.3235507
2.02108E+13,NA,2021-08-17 03:59:57,4.1190705,4.321557
2.02108E+13,NA,2021-08-17 04:00:02,4.0649357,4.3790665
2.02108E+13,NA,2021-08-17 04:00:07,4.1547117,4.358198
2.02108E+13,NA,2021-08-17 04:00:12,3.9370613,4.3300514
2.02108E+13,NA,2021-08-17 04:00:17,3.8381948,4.326994
2.02108E+13,NA,2021-08-17 04:00:22,3.8825564,4.384956
2.02108E+13,NA,2021-08-17 04:00:27,4.012355,4.328203
2.02108E+13,NA,2021-08-17 04:00:32,3.887333,4.362848
2.02108E+13,NA,2021-08-17 04:00:37,3.9491892,4.330239
2.02108E+13,NA,2021-08-17 04:00:42,4.631419,4.3388567
2.02108E+13,NA,2021-08-17 04:00:47,3.97444,4.1979566
2.02108E+13,NA,2021-08-17 04:00:52,4.1829185,4.2605534
2.02108E+13,NA,2021-08-17 04:00:57,4.118204,4.3279967
2.02108E+13,NA,2021-08-17 04:01:02,4.1829243,4.260404
2.02108E+13,NA,2021-08-17 04:01:07,5.0933547,4.2117634
2.02108E+13,NA,2021-08-17 04:01:12,5.1931014,4.5288396
2.02108E+13,NA,2021-08-17 04:01:17,5.7426233,5.340333
2.02108E+13,NA,2021-08-17 04:01:22,5.7426233,5.340333
2.02108E+13,NA,2021-08-17 04:01:27,4.345594,4.1053553
2.02108E+13,NA,2021-08-17 04:01:32,3.8812022,4.2048225
2.02108E+13,NA,2021-08-17 04:01:37,4.5787735,4.138627
2.02108E+13,NA,2021-08-17 04:01:42,4.014293,4.2429314
2.02108E+13,NA,2021-08-17 04:01:47,3.9803128,4.259447
2.02108E+13,NA,2021-08-17 04:01:52,3.851563,4.2736893
2.02108E+13,NA,2021-08-17 04:01:57,4.6280136,4.4111795
2.02108E+13,NA,2021-08-17 04:02:02,5.3126354,4.644991
2.02108E+13,NA,2021-08-17 04:02:07,5.3149266,4.6206675
2.02108E+13,NA,2021-08-17 04:02:12,3.858148,4.211557
2.02108E+13,NA,2021-08-17 04:02:17,4.693287,4.1365423
2.02108E+13,NA,2021-08-17 04:02:22,4.0133224,4.338643
2.02108E+13,NA,2021-08-17 04:02:27,4.2901134,4.106976
2.02108E+13,NA,2021-08-17 04:02:32,4.522234,4.0398426
2.02108E+13,NA,2021-08-17 04:02:37,3.953415,4.197794
2.02108E+13,NA,2021-08-17 04:02:42,4.0603065,4.3053646
2.02108E+13,NA,2021-08-17 04:02:47,5.743104,5.3365097
2.02108E+13,NA,2021-08-17 04:02:52,3.9008517,4.2474546
2.02108E+13,NA,2021-08-17 04:02:57,5.4505115,4.301017
2.02108E+13,NA,2021-08-17 04:03:02,5.4329815,4.241808
2.02108E+13,NA,2021-08-17 04:03:07,5.4430766,4.172211
2.02108E+13,NA,2021-08-17 04:03:12,5.327686,4.0415425
2.02108E+13,NA,2021-08-17 04:03:17,4.8784885,4.495986
2.02108E+13,DITL_va56,2021-08-17 04:03:22,4.871836,4.497917
2.02108E+13,NA,2021-08-17 04:03:27,3.8293839,4.239867
2.02108E+13,NA,2021-08-17 04:03:32,3.9630694,4.269683
2.02108E+13,NA,2021-08-17 04:03:37,3.9289746,4.280739
2.02108E+13,NA,2021-08-17 04:03:42,5.162862,4.5454054
2.02108E+13,NA,2021-08-17 04:03:47,5.327918,4.4734516
2.02108E+13,NA,2021-08-17 04:03:52,4.390684,4.053896
2.02108E+13,NA,2021-08-17 04:03:54,3.701181,4.298625
2.02108E+13,DITL_va9,2021-08-17 22:08:50,3.6927738,4.3070345
2.02108E+13,NA,2021-08-23 16:38:33,5.094485,4.3412476
2.02108E+13,NA,2021-08-23 16:38:38,5.7426925,5.3640947
2.02108E+13,NA,2021-08-23 16:38:43,5.320035,4.505882
2.02108E+13,NA,2021-08-23 16:38:48,3.8381371,4.229306
2.02108E+13,NA,2021-08-23 16:38:53,5.741465,5.354183
2.02108E+13,NA,2021-08-23 16:38:58,5.290889,4.6431513
2.02108E+13,NA,2021-08-23 16:39:03,4.3069744,4.1528606
2.02108E+13,NA,2021-08-23 16:39:08,4.985288,4.775875
2.02108E+13,NA,2021-08-23 16:39:13,4.18391,4.2497454
2.02108E+13,NA,2021-08-23 16:39:18,5.313946,4.2303658
2.02108E+13,NA,2021-08-23 16:39:23,5.3069744,4.0307555
2.02108E+13,NA,2021-08-23 16:39:28,5.0876093,4.0407085
2.02108E+13,NA,2021-08-23 16:39:33,4.208348,4.2603474
2.02108E+13,NA,2021-08-23 16:39:38,5.764809,5.26519
2.02108E+13,NA,2021-08-23 16:39:43,5.790292,5.527815
2.02108E+13,NA,2021-08-23 16:39:48,4.599024,4.1258097
2.02108E+13,NA,2021-08-23 16:39:53,5.116433,4.3353043
2.02108E+13,NA,2021-08-23 16:39:58,4.9638276,4.7882853
2.02108E+13,NA,2021-08-23 16:40:03,5.3320527,4.786013
2.02108E+13,NA,2021-08-23 16:40:08,4.438498,4.3869295
2.02108E+13,NA,2021-08-23 16:40:13,4.426971,4.7904997
2.02108E+13,NA,2021-08-23 16:40:18,4.6514263,4.4610434
2.02108E+13,NA,2021-08-23 16:40:23,4.7967844,4.0756454
2.02108E+13,NA,2021-08-23 16:40:28,4.8748026,4.0247984
2.02108E+13,NA,2021-08-23 16:40:33,4.015063,4.300533
2.02108E+13,NA,2021-08-23 16:40:38,4.8096757,4.066738
2.02108E+13,DITL_va10,2021-08-23 16:40:43,4.0607657,5.0684114
2.02108E+13,NA,2021-08-23 16:40:48,4.9891233,4.511927
2.02108E+13,NA,2021-08-23 16:40:53,5.335884,4.0772448
2.02108E+13,NA,2021-08-23 16:40:58,5.0238447,4.9148006
2.02108E+13,NA,2021-08-23 16:41:03,4.5069165,5.771905
2.02108E+13,NA,2021-08-23 16:41:08,4.1729345,4.325548
2.02108E+13,NA,2021-08-23 16:41:13,5.5040445,4.561891
2.02108E+13,NA,2021-08-23 16:41:18,5.572412,5.1092715
2.02108E+13,NA,2021-08-23 16:41:23,5.4065137,3.9514303
2.02108E+13,NA,2021-08-23 16:41:28,5.5759225,5.1175184
2.02108E+13,NA,2021-08-23 16:41:33,4.721637,5.077421
2.02108E+13,NA,2021-08-23 16:41:38,5.633496,3.98824
2.02108E+13,NA,2021-08-23 16:41:43,5.691186,5.2858315
2.02108E+13,NA,2021-08-23 16:41:48,4.6339765,4.2677107
2.02108E+13,NA,2021-08-23 16:41:53,5.383829,5.349658
2.02108E+13,NA,2021-08-23 16:42:03,4.8492637,4.758209
2.02108E+13,NA,2021-08-23 16:42:08,4.677232,4.173876
2.02108E+13,NA,2021-08-23 16:42:13,3.8431368,4.2308807
2.02108E+13,DITL_va57,2021-08-23 16:42:18,3.6913218,4.2891555
2.02108E+13,NA,2021-08-23 16:42:23,4.783183,4.617218
2.02108E+13,NA,2021-08-23 16:42:28,5.7409453,5.35762
2.02108E+13,NA,2021-08-23 16:42:33,4.361564,4.1403766
2.02108E+13,NA,2021-08-23 16:42:38,3.765993,4.2943473
2.02108E+13,NA,2021-08-23 16:42:43,3.9522576,4.23477
2.02108E+13,NA,2021-08-23 16:42:48,3.9522576,4.23477
2.02108E+13,NA,2021-08-23 16:42:53,3.9522576,4.23477
2.02108E+13,NA,2021-08-23 16:42:58,3.9522576,4.23477
2.02108E+13,NA,2021-08-23 16:43:03,5.740059,5.3575144
2.02108E+13,NA,2021-08-23 16:43:08,5.325408,4.525481
2.02108E+13,NA,2021-08-23 16:43:13,5.3254995,4.5284104
2.02108E+13,NA,2021-08-23 16:43:18,5.323134,4.5194707
2.02108E+13,NA,2021-08-23 16:43:23,3.7270408,4.260291
2.02108E+13,NA,2021-08-23 16:43:28,4.491503,4.020223
2.02108E+13,NA,2021-08-23 16:43:33,4.1333733,4.13496
2.02108E+13,NA,2021-08-23 16:43:38,3.9821625,4.1538577
2.02108E+13,NA,2021-08-23 16:43:43,3.9565597,4.159078
2.02108E+13,NA,2021-08-23 16:43:48,3.9145012,4.1959743
2.02108E+13,NA,2021-08-23 16:43:53,3.9880571,4.1685987
2.02108E+13,NA,2021-08-23 16:43:58,4.0039687,4.1633415
2.02108E+13,NA,2021-08-23 16:44:03,3.9946098,4.166314
2.02108E+13,NA,2021-08-23 16:44:08,3.8973289,4.204313
2.02108E+13,NA,2021-08-23 16:44:13,3.9598837,4.1798754
2.02108E+13,NA,2021-08-23 16:44:18,4.104269,4.1366863
2.02108E+13,NA,2021-08-23 16:44:23,3.915718,4.196437
2.02108E+13,NA,2021-08-23 16:44:28,3.8562326,4.2216616
2.02108E+13,NA,2021-08-23 16:44:33,3.9310188,4.190076
2.02108E+13,NA,2021-08-23 16:44:38,3.966084,4.1842127
2.02108E+13,NA,2021-08-23 16:44:43,3.8899932,4.2076416
2.02108E+13,NA,2021-08-23 16:44:48,3.7787147,4.2355146
2.02108E+13,NA,2021-08-23 16:44:53,4.866642,4.291777
2.02108E+13,NA,2021-08-23 16:44:58,4.5933642,4.0528326
2.02108E+13,NA,2021-08-23 16:45:03,5.4140058,4.701996
2.02108E+13,NA,2021-08-23 16:45:08,5.406919,4.5726604
2.02108E+13,NA,2021-08-23 16:45:13,5.646089,4.838682
2.02108E+13,NA,2021-08-23 16:45:18,5.5229826,5.0077066
2.02108E+13,NA,2021-08-23 16:45:23,3.743719,4.368045
2.02108E+13,NA,2021-08-23 16:45:28,4.6288366,3.9900236
2.02108E+13,NA,2021-08-23 16:45:33,4.4888067,3.986892
2.02108E+13,NA,2021-08-23 16:45:38,4.4186773,4.0083933
2.02108E+13,NA,2021-08-23 16:45:43,4.3071446,4.052178
2.02108E+13,NA,2021-08-23 16:45:48,4.9338193,3.9740012
2.02108E+13,NA,2021-08-23 16:45:53,4.8115625,4.011616
2.02108E+13,NA,2021-08-23 16:45:58,5.240707,3.9994256
2.02108E+13,NA,2021-08-23 16:46:03,4.964284,3.9606347
2.02108E+13,NA,2021-08-23 16:46:08,4.8102846,3.9616385
2.02108E+13,NA,2021-08-23 16:46:13,4.9846845,3.9958403
2.02108E+13,NA,2021-08-23 16:46:18,5.023707,4.008525
2.02108E+13,NA,2021-08-23 16:46:23,4.9402156,4.013287
2.02108E+13,NA,2021-08-23 16:46:28,4.8131394,3.9646933
2.02108E+13,NA,2021-08-23 16:46:33,4.9508357,4.0291777
2.02108E+13,NA,2021-08-23 16:46:38,5.260403,4.073388
2.02108E+13,DITL_va11,2021-08-23 16:46:43,5.009989,3.925428
2.02108E+13,NA,2021-08-23 16:46:48,5.1020846,3.9378283
2.02108E+13,NA,2021-08-23 16:46:53,4.9937506,4.0397468
2.02108E+13,NA,2021-08-23 16:46:58,4.883279,3.9546041
2.02108E+13,NA,2021-08-23 16:47:03,5.1800523,3.9502258
2.02108E+13,NA,2021-08-23 16:47:08,4.991096,4.010339
2.02108E+13,NA,2021-08-23 16:47:13,4.8566575,4.0058193
2.02108E+13,NA,2021-08-23 16:47:18,5.029684,4.077198
2.02108E+13,NA,2021-08-23 16:47:23,5.116596,4.103294
2.02108E+13,NA,2021-08-23 16:47:28,4.991275,4.0068607
2.02108E+13,NA,2021-08-23 16:47:33,5.0080614,4.0184975
2.02108E+13,NA,2021-08-23 16:47:38,5.2575746,3.9412563
2.02108E+13,DITL_va58,2021-08-23 16:47:43,5.241226,3.9235492
2.02108E+13,NA,2021-08-23 16:47:48,4.9662323,3.962893
2.02108E+13,NA,2021-08-23 16:47:53,5.1047783,3.934474
2.02108E+13,NA,2021-08-23 16:47:58,4.954068,4.006102
2.02108E+13,NA,2021-08-23 16:48:03,5.317995,3.9910707
2.02108E+13,NA,2021-08-23 16:48:08,5.207736,3.9632783
2.02108E+13,NA,2021-08-23 16:48:13,5.11818,3.9553318
2.02108E+13,NA,2021-08-23 16:48:18,5.273386,4.024277
2.02108E+13,NA,2021-08-23 16:48:23,5.0378275,3.960662
2.02108E+13,NA,2021-08-23 16:48:28,5.2109194,4.0378113
2.02108E+13,NA,2021-08-23 16:48:33,4.8624964,5.4978065
2.02108E+13,DITL_va12,2021-08-23 16:48:38,6.0698566,5.4902177
2.02108E+13,NA,2021-08-23 16:48:43,5.735838,5.353825
2.02108E+13,NA,2021-08-23 16:48:48,3.7315338,4.286607
2.02108E+13,NA,2021-08-23 16:48:53,3.74407,4.275236
2.02108E+13,NA,2021-08-23 16:48:58,3.753778,4.2514267
2.02108E+13,NA,2021-08-23 16:49:03,3.789256,4.2353516
2.02108E+13,NA,2021-08-23 16:49:08,3.7882352,4.236062
2.02108E+13,NA,2021-08-23 16:49:13,3.7892609,4.2353735
2.02108E+13,NA,2021-08-23 16:49:18,3.9821448,4.1725955
2.02108E+13,NA,2021-08-23 16:49:23,3.9860325,4.1640844
2.02108E+13,NA,2021-08-23 16:49:28,3.788742,4.223271
2.02108E+13,NA,2021-08-23 16:49:33,3.8536172,4.2013764
2.02108E+13,NA,2021-08-23 16:49:38,3.978497,4.141417
2.02108E+13,NA,2021-08-23 16:49:43,3.9789028,4.1630487
2.02108E+13,NA,2021-08-23 16:49:48,3.8728862,4.192795
2.02108E+13,NA,2021-08-23 16:49:53,5.6403294,5.627818
2.02108E+13,NA,2021-08-23 16:49:58,5.5733128,5.527406
2.02108E+13,DITL_va13,2021-08-23 16:50:03,5.50607,5.843859
2.02108E+13,NA,2021-08-23 16:50:08,5.355015,5.719807
2.02108E+13,NA,2021-08-23 16:50:13,5.157004,4.9428296
2.02108E+13,DITL_va59,2021-08-23 16:50:18,4.964366,5.1638412
2.02108E+13,NA,2021-08-23 16:50:23,5.5473924,5.0890007
2.02108E+13,NA,2021-08-23 16:50:28,6.5278683,5.426387
2.02108E+13,DITL_va14,2021-08-23 16:50:33,6.0416803,5.71128
2.02108E+13,DITL_va60,2021-08-23 16:50:38,6.596428,5.875647
2.02108E+13,NA,2021-08-23 16:50:43,5.7949734,5.572023
2.02108E+13,DITL_va15,2021-08-23 16:50:48,6.318142,5.7274942
2.02108E+13,NA,2021-08-23 16:50:53,5.4530187,5.5710044
2.02108E+13,NA,2021-08-23 16:50:58,4.524538,5.1558785
2.02108E+13,DITL_va16,2021-08-23 16:51:04,6.28661,5.8048463
2.02108E+13,NA,2021-08-23 16:51:09,6.3750196,5.8418474
2.02108E+13,NA,2021-08-23 16:51:14,6.3103523,5.6196146
2.02108E+13,NA,2021-08-23 16:51:19,4.8233705,4.794014
2.02108E+13,NA,2021-08-23 16:51:24,5.2317486,5.679311
2.02108E+13,NA,2021-08-23 16:51:29,5.2489624,4.3682156
2.02108E+13,NA,2021-08-23 16:51:34,5.8417253,5.6584086
2.02108E+13,DITL_va61,2021-08-23 16:51:39,5.281669,5.810319
2.02108E+13,DITL_va17,2021-08-23 16:51:44,5.539671,5.7751484
2.02108E+13,NA,2021-08-23 16:51:49,4.47425,5.410673
2.02108E+13,NA,2021-08-23 16:51:54,5.0401874,5.7695427
2.02108E+13,DITL_va62,2021-08-23 16:51:59,7.0628786,5.7538667
2.02108E+13,DITL_va18,2021-08-23 16:52:04,5.929035,5.3530235
2.02108E+13,NA,2021-08-23 16:52:09,5.5900598,5.27019
2.02108E+13,NA,2021-08-23 16:52:14,5.7014217,5.6397433
2.02108E+13,NA,2021-08-23 16:52:19,5.5386453,5.4519444
2.02108E+13,NA,2021-08-23 16:52:24,5.738819,5.597264
2.02108E+13,DITL_va19,2021-08-23 16:52:29,4.5589204,5.779235
2.02108E+13,NA,2021-08-23 16:52:34,5.505916,5.757175
2.02108E+13,NA,2021-08-23 16:52:39,5.1066675,5.2335634
2.02108E+13,NA,2021-08-23 16:52:44,4.1525,4.1272974
2.02108E+13,NA,2021-08-23 16:52:49,3.7493196,4.2821903
2.02108E+13,NA,2021-08-23 16:52:54,4.844234,4.4415226
2.02108E+13,NA,2021-08-23 16:52:59,4.1902027,4.068426
2.02108E+13,DITL_va63,2021-08-23 16:53:04,5.236429,3.8684268
2.02108E+13,NA,2021-08-23 16:53:09,5.12841,4.0222898
2.02108E+13,NA,2021-08-23 16:53:14,4.8369236,5.374166
2.02108E+13,NA,2021-08-23 16:53:19,4.1252437,4.122225
2.02108E+13,DITL_va20,2021-08-23 16:53:24,5.3137264,3.893683
2.02108E+13,NA,2021-08-23 16:53:29,5.739549,5.357873
2.02108E+13,NA,2021-08-23 16:53:34,4.1837482,4.372818
2.02108E+13,NA,2021-08-23 16:53:38,3.7312918,4.2706456
2.02108E+13,NA,2021-08-23 16:53:38,3.7323856,4.270343
2.02108E+13,NA,2021-08-23 16:58:49,3.8141284,4.2442775
2.02108E+13,NA,2021-08-23 16:58:53,3.782939,4.2648187
2.02108E+13,NA,2021-08-23 16:58:58,4.884138,4.0822053
2.02108E+13,NA,2021-08-23 16:59:03,3.9548001,4.24127
2.02108E+13,NA,2021-08-23 16:59:08,4.052811,4.2943296
2.02108E+13,NA,2021-08-23 16:59:13,4.0131516,4.1424284
2.02108E+13,NA,2021-08-23 16:59:18,4.1939926,4.1799707
2.02108E+13,NA,2021-08-23 16:59:23,3.7970629,4.2953153
2.02108E+13,NA,2021-08-23 16:59:28,3.8240724,4.2112164
2.02108E+13,NA,2021-08-23 16:59:33,4.1558633,4.172601
2.02108E+13,NA,2021-08-23 16:59:38,3.8226142,4.2012796
2.02108E+13,NA,2021-08-23 16:59:43,3.718001,4.2886534
2.02108E+13,NA,2021-08-23 16:59:48,4.790894,4.190463
2.02108E+13,NA,2021-08-23 16:59:53,3.9758692,4.434926
2.02108E+13,NA,2021-08-23 16:59:58,4.8193836,4.491854
2.02108E+13,NA,2021-08-23 17:00:03,3.7070541,4.3138213
2.02108E+13,NA,2021-08-23 17:00:08,4.314298,4.4581137
2.02108E+13,NA,2021-08-23 17:00:13,4.497682,4.2654247
2.02108E+13,NA,2021-08-23 17:00:18,4.636281,4.684009
2.02108E+13,NA,2021-08-23 17:00:23,4.6237493,4.9755406
2.02108E+13,NA,2021-08-23 17:00:28,4.203851,5.050262
2.02108E+13,NA,2021-08-23 17:00:33,5.3511877,4.169924
2.02108E+13,NA,2021-08-23 17:00:38,4.969439,4.1376123
2.02108E+13,NA,2021-08-23 17:00:43,4.8789735,4.8876715
2.02108E+13,NA,2021-08-23 17:00:48,4.4099183,4.8110194
2.02108E+13,DITL_va64,2021-08-23 17:00:53,3.7322068,4.385767
2.02108E+13,NA,2021-08-23 17:00:58,5.2421412,4.588334
2.02108E+13,NA,2021-08-23 17:01:03,4.9585824,4.154332
2.02108E+13,NA,2021-08-23 17:01:08,4.6303577,4.5639544
2.02108E+13,NA,2021-08-23 17:23:56,3.7400703,4.2819333
2.02108E+13,NA,2021-08-23 17:23:58,5.738455,5.377163
2.02108E+13,NA,2021-08-23 17:24:03,5.7337713,5.3634357
2.02108E+13,NA,2021-08-23 17:24:08,5.733963,5.362494
2.02108E+13,NA,2021-08-23 17:24:13,3.7455025,4.280158
2.02108E+13,NA,2021-08-23 17:24:18,3.8170104,4.2360926
2.02108E+13,NA,2021-08-23 17:24:23,4.0698833,4.147376
2.02108E+13,NA,2021-08-23 17:24:28,5.4181094,5.4605002
2.02108E+13,DITL_va21,2021-08-23 17:24:33,5.1859183,5.2444534
2.02108E+13,NA,2021-08-23 17:24:38,3.770031,4.3786225
2.02108E+13,NA,2021-08-23 17:24:43,3.7928,4.2730823
2.02108E+13,NA,2021-08-23 17:24:48,3.7395782,4.247258
2.02108E+13,NA,2021-08-23 17:24:53,3.8831625,4.2182016
2.02108E+13,NA,2021-08-23 17:24:58,4.1497865,4.0903225
2.02108E+13,NA,2021-08-23 17:25:03,3.7576141,4.2753153
2.02108E+13,NA,2021-08-23 17:25:08,3.7584453,4.2506905
2.02108E+13,NA,2021-08-23 17:25:13,3.9280968,4.261524
2.02108E+13,NA,2021-08-23 17:25:18,4.719551,4.590218
2.02108E+13,NA,2021-08-23 17:25:23,3.8160148,4.2176776
2.02108E+13,NA,2021-08-23 17:25:28,4.1757684,4.5247684
2.02108E+13,NA,2021-08-23 17:25:33,3.9529586,4.16941
2.02108E+13,NA,2021-08-23 17:25:38,3.9001389,4.210067
2.02108E+13,NA,2021-08-23 17:25:43,5.2482195,4.45278
2.02108E+13,NA,2021-08-23 17:25:48,5.123936,4.742032
2.02108E+13,NA,2021-08-23 17:25:53,3.7822323,4.2997384
2.02108E+13,NA,2021-08-23 17:25:58,5.2845545,4.1013265
2.02108E+13,NA,2021-08-23 17:26:03,4.2847815,4.0748835
2.02108E+13,NA,2021-08-23 17:26:08,3.9125614,4.223531
2.02108E+13,NA,2021-08-23 17:26:13,5.7340345,5.3636045
2.02108E+13,NA,2021-08-23 17:26:18,4.1701407,4.187809
2.02108E+13,NA,2021-08-23 17:26:23,4.4362593,4.1509066
2.02108E+13,NA,2021-08-23 17:26:28,3.7653823,4.263238
2.02108E+13,NA,2021-08-23 17:26:33,3.812305,4.250909
2.02108E+13,NA,2021-08-23 17:26:38,3.8237686,4.216273
2.02108E+13,NA,2021-08-23 17:26:43,3.7612262,4.243966
2.02108E+13,NA,2021-08-23 17:26:48,3.799076,4.2265987
2.02108E+13,NA,2021-08-23 17:26:53,3.7818646,4.474142
2.02108E+13,NA,2021-08-23 17:26:58,3.7681265,4.3486876
2.02108E+13,NA,2021-08-23 17:27:03,3.7033567,4.5190153
2.02108E+13,NA,2021-08-23 17:27:08,3.8308997,4.2310476
2.02108E+13,NA,2021-08-23 17:27:13,3.7753468,4.380856
2.02108E+13,NA,2021-08-23 17:27:18,4.29318,4.170969
2.02108E+13,NA,2021-08-23 17:27:23,4.321613,4.039447
2.02108E+13,NA,2021-08-23 17:27:28,4.1430407,4.1485767
2.02108E+13,NA,2021-08-23 17:27:33,3.8443003,4.2354307
2.02108E+13,NA,2021-08-23 17:27:38,5.0396166,4.206243
2.02108E+13,NA,2021-08-23 17:27:43,4.093781,4.317395
2.02108E+13,DITL_va22,2021-08-23 17:27:48,4.690675,4.0744047
2.02108E+13,NA,2021-08-23 17:27:53,3.9001732,4.2187557
2.02108E+13,NA,2021-08-23 17:27:58,3.869277,4.194397
2.02108E+13,NA,2021-08-23 17:28:03,4.2091217,4.195393
2.02108E+13,NA,2021-08-23 17:28:08,3.8737564,4.1768637
2.02108E+13,NA,2021-08-23 17:28:13,4.625094,4.0537667
2.02108E+13,NA,2021-08-23 17:28:18,3.8257666,4.226015
2.02108E+13,NA,2021-08-23 17:28:23,4.8299747,4.2348566
2.02108E+13,NA,2021-08-23 17:28:28,4.5471044,4.1560326
2.02108E+13,NA,2021-08-23 17:28:33,3.9608307,4.177026
2.02108E+13,NA,2021-08-23 17:28:38,3.766952,4.2664194
2.02108E+13,NA,2021-08-23 17:28:43,3.8249507,4.211547
2.02108E+13,NA,2021-08-23 17:28:48,3.8019319,4.2224507
2.02108E+13,NA,2021-08-23 17:28:53,4.004496,4.14091
2.02108E+13,NA,2021-08-23 17:28:58,3.9701242,4.159832
2.02108E+13,NA,2021-08-23 17:29:03,3.8754244,4.1958747
2.02108E+13,NA,2021-08-23 17:29:08,4.0484405,4.269039
2.02108E+13,NA,2021-08-23 17:29:13,4.115569,4.099599
2.02108E+13,NA,2021-08-23 17:29:18,4.150329,4.125183
2.02108E+13,NA,2021-08-23 17:29:23,4.0975823,4.1381927
2.02108E+13,NA,2021-08-23 17:29:28,4.3521457,4.0622964
2.02108E+13,NA,2021-08-23 17:29:33,3.8238974,4.2462864
2.02108E+13,NA,2021-08-23 17:29:38,4.7043457,4.684184
2.02108E+13,NA,2021-08-23 17:29:43,5.5154557,4.5840216
2.02108E+13,DITL_va65,2021-08-23 17:29:48,5.365275,4.2235117
2.02108E+13,NA,2021-08-23 17:29:53,3.7814546,4.2632885
2.02108E+13,NA,2021-08-23 17:29:58,3.8601837,4.4402027
2.02108E+13,NA,2021-08-23 17:30:03,3.7966309,4.253945
2.02108E+13,NA,2021-08-23 17:30:08,3.841395,4.292719
2.02108E+13,NA,2021-08-23 17:30:13,3.9526806,4.1691904
2.02108E+13,NA,2021-08-23 17:30:18,3.8733482,4.19676
2.02108E+13,NA,2021-08-23 17:30:23,3.8693604,4.1898956
2.02108E+13,NA,2021-08-23 17:30:28,3.9373684,4.169917
2.02108E+13,NA,2021-08-23 17:30:33,4.863649,4.136209
2.02108E+13,NA,2021-08-23 17:30:38,3.8981743,4.173328
2.02108E+13,NA,2021-08-23 17:30:43,3.8229337,4.213099
2.02108E+13,NA,2021-08-23 17:30:48,4.390684,4.053896
2.02108E+13,NA,2021-08-23 17:59:29,3.6960225,4.303898
2.02108E+13,NA,2021-08-23 17:59:33,5.728381,5.35853
2.02108E+13,NA,2021-08-23 17:59:38,5.735801,5.366527
2.02108E+13,NA,2021-08-23 17:59:43,3.9647937,4.177084
2.02108E+13,NA,2021-08-23 17:59:48,3.7768865,4.269922
2.02108E+13,NA,2021-08-23 17:59:53,4.3915033,4.20891
2.02108E+13,NA,2021-08-23 17:59:58,3.868772,4.1939197
2.02108E+13,NA,2021-08-23 18:00:03,4.148183,4.0961437
2.02108E+13,NA,2021-08-23 18:00:08,4.3343053,4.235507
2.02108E+13,NA,2021-08-23 18:00:13,4.169215,4.1073585
2.02108E+13,NA,2021-08-23 18:00:18,3.7876558,4.2341385
2.02108E+13,NA,2021-08-23 18:00:23,3.9520574,4.1592917
2.02108E+13,NA,2021-08-23 18:00:28,4.2238836,4.128401
2.02108E+13,NA,2021-08-23 18:00:33,3.7859244,4.2815123
2.02108E+13,NA,2021-08-23 18:00:38,3.823433,4.234795
2.02108E+13,NA,2021-08-23 18:00:43,3.8439064,4.3225074
2.02108E+13,NA,2021-08-23 18:00:48,3.8201551,4.231791
2.02108E+13,NA,2021-08-23 18:00:53,3.8354135,4.2114305
2.02108E+13,NA,2021-08-23 18:00:58,3.8218646,4.2182837
2.02108E+13,NA,2021-08-23 18:01:03,3.8012137,4.226815
2.02108E+13,NA,2021-08-23 18:01:08,3.7705464,4.2393436
2.02108E+13,NA,2021-08-23 18:01:13,3.859282,4.194763
2.02108E+13,NA,2021-08-23 18:01:18,3.8391633,4.1981144
2.02108E+13,NA,2021-08-23 18:01:23,3.8754802,4.200324
2.02108E+13,NA,2021-08-23 18:01:28,3.797883,4.3071632
2.02108E+13,NA,2021-08-23 18:01:33,4.151386,4.7050333
2.02108E+13,NA,2021-08-23 18:01:38,3.9567218,4.1762395
2.02108E+13,DITL_va23,2021-08-23 18:01:43,3.7612476,4.267741
2.02108E+13,NA,2021-08-23 18:01:48,3.6914878,4.3467374
2.02108E+13,DITL_va66,2021-08-23 18:01:53,3.7408853,4.4919906
2.02108E+13,NA,2021-08-23 18:01:58,3.8820229,4.1867104
2.02108E+13,NA,2021-08-23 18:02:03,3.816626,4.211488
2.02108E+13,NA,2021-08-23 18:02:08,3.7755537,4.2377615
2.02108E+13,NA,2021-08-23 18:02:13,3.874351,4.2542343
2.02108E+13,NA,2021-08-23 18:02:18,3.9291015,4.1683865
2.02108E+13,NA,2021-08-23 18:02:23,3.7385893,4.25224
2.02108E+13,NA,2021-08-23 18:02:28,3.9582095,4.152149
2.02108E+13,NA,2021-08-23 18:02:33,3.859992,4.201362
2.02108E+13,NA,2021-08-23 18:02:38,3.7292552,4.2513604
2.02108E+13,NA,2021-08-23 18:02:43,4.5256405,4.213485
2.02108E+13,NA,2021-08-23 18:02:48,4.2830453,4.3640785
2.02108E+13,NA,2021-08-23 18:02:53,3.869504,4.187368
2.02108E+13,NA,2021-08-23 18:02:58,3.8998165,4.1904073
2.02108E+13,NA,2021-08-23 18:03:03,3.8945007,4.1854315
2.02108E+13,NA,2021-08-23 18:03:08,3.754065,4.2699704
2.02108E+13,NA,2021-08-23 18:03:13,5.003923,4.742052
2.02108E+13,DITL_va24,2021-08-23 18:03:18,3.9150314,4.598851
2.02108E+13,NA,2021-08-23 18:03:23,4.6534543,4.7314253
2.02108E+13,DITL_va25,2021-08-23 18:03:28,5.1905565,4.180004
2.02108E+13,NA,2021-08-23 18:03:33,5.3585615,4.333041
2.02108E+13,NA,2021-08-23 18:03:38,3.7927833,4.2291417
2.02108E+13,DITL_va67,2021-08-23 18:03:43,3.736239,4.256223
2.02108E+13,NA,2021-08-23 18:03:48,4.005347,4.131068
2.02108E+13,NA,2021-08-23 18:03:53,3.785019,4.269282
2.02108E+13,NA,2021-08-23 18:03:58,5.4565864,5.2363706
2.02108E+13,NA,2021-08-23 18:04:03,4.13785,5.1827736
2.02108E+13,NA,2021-08-23 18:04:08,4.967116,4.1113195
2.02108E+13,NA,2021-08-23 18:04:13,4.5513577,4.259242
2.02108E+13,NA,2021-08-23 18:04:18,4.6489697,4.0837107
2.02108E+13,NA,2021-08-23 18:04:23,3.9918742,4.226577
2.02108E+13,NA,2021-08-23 18:04:28,4.261807,4.327496
2.02108E+13,NA,2021-08-23 18:04:33,4.9821296,4.590793
2.02108E+13,DITL_va26,2021-08-23 18:04:43,4.9819565,4.5907755
2.02108E+13,NA,2021-08-23 18:04:48,3.8639245,4.4863844
2.02108E+13,NA,2021-08-23 18:04:53,4.051945,4.4102473
2.02108E+13,DITL_va68,2021-08-23 18:04:58,5.0334854,3.9149423
2.02108E+13,NA,2021-08-23 18:05:03,3.9165936,4.2705593
2.02108E+13,NA,2021-08-23 18:05:08,3.993558,4.230568
2.02108E+13,NA,2021-08-23 18:05:13,5.454988,4.2416897
2.02108E+13,DITL_va27,2021-08-23 18:05:18,5.1645565,4.4712934
2.02108E+13,NA,2021-08-23 18:05:23,5.583409,5.371014
2.02108E+13,NA,2021-08-23 18:05:28,5.767114,5.302854
2.02108E+13,NA,2021-08-23 18:05:33,3.9703512,4.919139
2.02108E+13,NA,2021-08-23 18:05:38,5.18611,4.255576
2.02108E+13,NA,2021-08-23 18:05:43,4.6490674,4.39896
2.02108E+13,NA,2021-08-23 18:05:48,4.3278384,4.792028
2.02108E+13,NA,2021-08-23 18:05:53,3.8847961,4.2005157
2.02108E+13,NA,2021-08-23 18:05:58,3.8864446,4.300235
2.02108E+13,NA,2021-08-23 18:06:03,3.9358048,4.272005
2.02108E+13,NA,2021-08-23 18:06:08,5.7552505,4.9766436
2.02108E+13,NA,2021-08-23 18:06:13,3.8840847,4.2020783
2.02108E+13,NA,2021-08-23 18:06:18,4.947276,4.378274
2.02108E+13,NA,2021-08-23 18:06:23,4.2641854,4.093672
2.02108E+13,DITL_va28,2021-08-23 18:06:28,5.0478516,4.0333505
2.02108E+13,NA,2021-08-23 18:06:33,5.1921206,5.749588
2.02108E+13,NA,2021-08-23 18:06:38,4.9371963,4.578084
2.02108E+13,NA,2021-08-23 18:06:43,4.0400248,4.2462215
2.02108E+13,NA,2021-08-23 18:06:48,5.696382,4.3639617
2.02108E+13,NA,2021-08-23 18:06:53,4.851097,4.4257145
2.02108E+13,NA,2021-08-23 18:06:58,5.150057,4.4469132
2.02108E+13,NA,2021-08-23 18:07:03,4.6067023,4.7338953
2.02108E+13,NA,2021-08-23 18:07:08,3.9858632,5.042855
2.02108E+13,NA,2021-08-23 18:07:13,4.6052556,4.6108775
2.02108E+13,NA,2021-08-23 18:07:18,5.7608223,5.009296
2.02108E+13,NA,2021-08-23 18:07:23,5.577017,4.836322
2.02108E+13,NA,2021-08-23 18:07:28,4.9338765,3.9616463
2.02108E+13,NA,2021-08-23 18:07:33,4.437174,4.52188
2.02108E+13,NA,2021-08-23 18:07:38,4.9299726,4.190384
2.02108E+13,NA,2021-08-23 18:07:43,3.8065524,4.255574
2.02108E+13,NA,2021-08-23 18:07:48,3.7741795,4.2556663
2.02108E+13,DITL_va69,2021-08-23 18:07:53,3.7358427,4.2789736
2.02108E+13,NA,2021-08-23 18:07:58,3.9638042,4.271634
2.02108E+13,DITL_va29,2021-08-23 18:08:03,3.80821,4.5362477
2.02108E+13,NA,2021-08-23 18:08:08,5.0598245,4.1887255
2.02108E+13,NA,2021-08-23 18:08:13,3.888074,4.3913527
2.02108E+13,NA,2021-08-23 18:08:18,5.0431347,3.9464746
2.02108E+13,DITL_va70,2021-08-23 18:08:23,4.7733345,4.666008
2.02108E+13,NA,2021-08-23 18:08:28,4.8246794,5.0114574
2.02108E+13,NA,2021-08-23 18:08:33,4.7956343,4.229761
2.02108E+13,NA,2021-08-23 18:08:38,4.7321515,4.253717
2.02108E+13,NA,2021-08-23 18:08:43,3.8316784,4.242075
2.02108E+13,NA,2021-08-23 18:08:48,3.8764863,4.178836
2.02108E+13,NA,2021-08-23 18:08:53,3.937818,4.188791
2.02108E+13,NA,2021-08-23 18:08:58,4.2748613,4.0545826
2.02108E+13,NA,2021-08-23 18:09:03,4.459104,4.020643
2.02108E+13,NA,2021-08-23 18:09:08,3.9434056,4.294652
2.02108E+13,NA,2021-08-23 18:09:13,5.736627,5.3676877
2.02108E+13,NA,2021-08-23 18:09:18,5.6261034,4.89798
2.02108E+13,NA,2021-08-23 18:09:23,4.558881,4.2266316
2.02108E+13,NA,2021-08-23 18:09:28,5.3598113,4.3135095
2.02108E+13,NA,2021-08-23 18:09:33,4.9254785,4.3915443
2.02108E+13,NA,2021-08-23 18:09:38,5.8830843,5.514715
2.02108E+13,NA,2021-08-23 18:09:43,4.4503026,4.1327066
2.02108E+13,NA,2021-08-23 18:09:48,5.238131,4.632525
2.02108E+13,NA,2021-08-23 18:47:03,3.7074425,4.357772
2.02108E+13,NA,2021-08-23 18:47:08,3.9613905,4.1770945
2.02108E+13,NA,2021-08-23 18:47:13,3.9613905,4.1770945
2.02108E+13,DITL_va30,2021-08-23 18:47:18,3.6656256,4.308769
2.02108E+13,NA,2021-08-23 18:47:23,3.865675,4.209607
2.02108E+13,NA,2021-08-23 18:47:33,3.7634573,4.2523637
2.02108E+13,NA,2021-08-23 18:47:38,3.9148936,4.197753
2.02108E+13,NA,2021-08-23 18:47:43,4.426107,3.9960055
2.02108E+13,NA,2021-08-23 18:47:48,3.8342319,4.197139
2.02108E+13,DITL_va31,2021-08-23 18:47:53,3.7167625,4.2508745
2.02108E+13,NA,2021-08-23 18:47:58,3.7262003,4.245604
2.02108E+13,NA,2021-08-23 18:48:03,3.7416358,4.426503
2.02108E+13,NA,2021-08-23 18:48:08,3.7150066,4.4348326
2.02108E+13,NA,2021-08-23 18:48:13,5.1086135,4.061985
2.02108E+13,NA,2021-08-23 18:48:18,5.271357,3.9457095
2.02108E+13,NA,2021-08-23 18:48:23,3.7956495,4.2340984
2.02108E+13,NA,2021-08-23 18:48:28,4.132496,4.123065
2.02108E+13,NA,2021-08-23 18:48:33,5.273352,4.234014
2.02108E+13,NA,2021-08-23 18:48:38,3.8551564,4.2189093
2.02108E+13,DITL_va71,2021-08-23 18:48:43,5.754512,3.870701
2.02108E+13,NA,2021-08-23 18:48:48,5.6458497,4.32185
2.02108E+13,NA,2021-08-23 18:48:53,4.2160997,5.098486
2.02108E+13,DITL_va32,2021-08-23 18:48:58,5.1541553,3.914599
2.02108E+13,DITL_va72,2021-08-23 18:49:03,3.7224653,4.3068876
2.02108E+13,NA,2021-08-23 18:49:08,3.759624,4.272028
2.02108E+13,NA,2021-08-23 18:49:13,4.866469,4.046419
2.02108E+13,NA,2021-08-23 18:49:18,5.276628,4.3007374
2.02108E+13,NA,2021-08-23 18:49:23,3.9073105,4.203456
2.02108E+13,NA,2021-08-23 18:49:28,3.9511185,4.226308
2.02108E+13,NA,2021-08-23 18:49:33,4.4536104,4.052785
2.02108E+13,NA,2021-08-23 18:49:38,4.075614,4.250325
2.02108E+13,NA,2021-08-23 18:49:43,4.158918,4.222142
2.02108E+13,NA,2021-08-23 18:49:48,3.9820514,4.3890862
2.02108E+13,NA,2021-08-23 18:49:53,3.830687,4.251479
2.02108E+13,NA,2021-08-23 18:49:58,3.9405499,4.165984
2.02108E+13,NA,2021-08-23 18:50:03,4.378142,4.0546103
2.02108E+13,NA,2021-08-23 18:50:08,3.94457,4.182187
2.02108E+13,NA,2021-08-23 18:50:13,3.8900876,4.185043
2.02108E+13,NA,2021-08-23 18:50:18,4.0366607,4.136899
2.02108E+13,NA,2021-08-23 18:50:23,3.9795918,4.147951
2.02108E+13,NA,2021-08-23 18:50:28,4.3741593,4.1346393
2.02108E+13,NA,2021-08-23 18:50:33,3.9754395,4.179526
2.02108E+13,NA,2021-08-23 18:50:38,4.0086236,4.1696424
2.02108E+13,NA,2021-08-23 18:50:43,3.8647728,4.220813
2.02108E+13,NA,2021-08-23 18:50:48,3.9223795,4.1987705
2.02108E+13,NA,2021-08-23 19:48:40,3.6822476,4.3369665
2.02108E+13,NA,2021-08-23 19:48:43,3.8230467,4.2195663
2.02108E+13,NA,2021-08-23 19:48:48,3.7941933,4.265066
2.02108E+13,NA,2021-08-23 19:48:53,3.770441,4.278386
2.02108E+13,NA,2021-08-23 19:48:58,3.8575764,4.2158113
2.02108E+13,DITL_va73,2021-08-23 19:49:03,4.0511174,4.609378
2.02108E+13,NA,2021-08-23 19:49:08,3.9174924,4.2872725
2.02108E+13,DITL_va33,2021-08-23 19:49:13,4.559601,4.1358128
2.02108E+13,NA,2021-08-23 19:49:18,5.105421,4.5527887
2.02108E+13,NA,2021-08-23 19:49:23,3.766212,4.253298
2.02108E+13,NA,2021-08-23 19:49:28,3.7867932,4.2552586
2.02108E+13,NA,2021-08-23 19:49:33,3.7777033,4.2490797
2.02108E+13,NA,2021-08-23 19:49:38,3.8223548,4.2548113
2.02108E+13,DITL_va74,2021-08-23 19:49:43,3.7592268,4.275406
2.02108E+13,NA,2021-08-23 19:49:48,3.7765121,4.236496
2.02108E+13,NA,2021-08-23 19:49:53,4.913776,4.031178
2.02108E+13,DITL_va34,2021-08-23 19:49:58,4.7034135,4.010436
2.02108E+13,NA,2021-08-23 19:50:03,4.0815563,4.1740932
2.02108E+13,NA,2021-08-23 19:50:08,3.8593597,4.2094307
2.02108E+13,NA,2021-08-23 19:50:13,4.5189595,4.2678466
2.02108E+13,NA,2021-08-23 19:50:18,4.4298024,4.320565
2.02108E+13,NA,2021-08-23 19:50:23,4.4306645,4.321452
2.02108E+13,NA,2021-08-23 19:50:28,5.737904,5.3610797
2.02108E+13,NA,2021-08-23 19:50:33,4.4298024,4.320565
2.02108E+13,NA,2021-08-23 21:37:04,3.6836572,4.342861
2.02108E+13,NA,2021-08-23 21:37:08,5.741865,5.3613586
2.02108E+13,DITL_va75,2021-08-23 21:37:13,5.7130733,5.250846
2.02108E+13,NA,2021-08-23 21:37:18,4.6879687,4.14515
2.02108E+13,NA,2021-08-23 21:37:23,4.4534426,4.2437954
2.02108E+13,NA,2021-08-23 21:37:28,5.37697,4.245202
2.02108E+13,NA,2021-08-23 21:37:33,4.241962,4.369108
2.02108E+13,NA,2021-08-23 21:37:38,3.9865723,4.2659016
2.02108E+13,NA,2021-08-23 21:37:43,4.3562417,4.370141
2.02108E+13,NA,2021-08-23 21:37:48,4.3952885,4.263896
2.02108E+13,DITL_va76,2021-08-23 21:37:53,4.3775916,4.259578
2.02108E+13,NA,2021-08-23 21:37:58,4.3771043,4.2595034
2.02108E+13,NA,2021-08-23 21:38:03,4.379436,4.258581
2.02108E+13,NA,2021-08-23 21:38:08,3.912168,4.6242437
2.02108E+13,NA,2021-08-23 21:38:13,3.912168,4.6242437
2.02108E+13,NA,2021-08-23 21:38:23,3.9645925,4.2799807
2.02108E+13,NA,2021-08-23 21:38:28,4.1983705,4.164795
2.02108E+13,NA,2021-08-23 21:38:33,4.398799,4.147109
2.02108E+13,NA,2021-08-23 21:38:38,4.388461,4.1469374
2.02108E+13,NA,2021-08-23 21:38:43,4.43837,4.2121196
2.02108E+13,DITL_va35,2021-08-23 21:38:48,4.694837,4.3462915
2.02108E+13,NA,2021-08-23 21:38:53,4.634665,4.3406396
2.02108E+13,NA,2021-08-23 21:39:03,5.018372,4.776597
2.02108E+13,NA,2021-08-23 21:39:08,4.6362157,4.013585
2.02108E+13,NA,2021-08-23 21:39:13,4.5386515,4.0931106
2.02108E+13,NA,2021-08-23 21:39:18,3.7775187,4.298163
2.02108E+13,NA,2021-08-23 21:39:23,4.5552583,4.1249757
2.02108E+13,NA,2021-08-23 21:39:28,4.7222424,4.0493126
2.02108E+13,NA,2021-08-23 21:39:33,5.0407467,4.543154
2.02108E+13,NA,2021-08-23 21:39:38,5.387477,4.953955
2.02108E+13,NA,2021-08-23 21:39:43,4.8788476,4.2255316
2.02108E+13,NA,2021-08-23 21:39:48,4.970706,4.513114
2.02108E+13,NA,2021-08-23 21:39:53,4.430509,4.323243
2.02108E+13,NA,2021-08-23 21:39:58,4.60065,4.0283055
2.02108E+13,NA,2021-08-23 21:40:03,4.257852,4.072336
2.02108E+13,NA,2021-08-23 21:40:08,4.2569823,4.072517
2.02108E+13,NA,2021-08-23 21:40:13,4.2569823,4.072517
2.02108E+13,NA,2021-08-23 21:40:18,4.1643586,4.0996456
2.02108E+13,NA,2021-08-23 21:40:23,4.558668,4.036092
2.02108E+13,NA,2021-08-23 21:40:28,4.5605545,4.03574
2.02108E+13,NA,2021-08-23 21:40:33,4.5605545,4.03574
2.02108E+13,NA,2021-08-23 21:40:38,4.558668,4.036092
2.02108E+13,NA,2021-08-23 21:40:43,4.665927,4.0139594
2.02108E+13,NA,2021-08-23 21:40:48,4.1940465,4.09205
2.02108E+13,NA,2021-08-23 21:40:53,4.558668,4.036092
2.02108E+13,NA,2021-08-23 21:40:58,4.558668,4.036092
2.02108E+13,NA,2021-08-23 21:41:03,4.614862,4.025448
2.02108E+13,NA,2021-08-23 21:41:08,4.2718544,4.0686893
2.02108E+13,NA,2021-08-23 21:41:13,4.1983604,4.088436
2.02108E+13,NA,2021-08-23 21:41:18,4.614862,4.025448
2.02108E+13,NA,2021-08-23 21:41:23,4.614862,4.025448
2.02108E+13,NA,2021-08-23 21:41:28,4.614862,4.025448
2.02108E+13,NA,2021-08-23 21:41:33,4.2716746,4.069707
2.02108E+13,NA,2021-08-23 21:41:38,4.304911,4.0569167
2.02108E+13,NA,2021-08-23 21:41:43,4.614862,4.025448
2.02108E+13,NA,2021-08-23 21:41:48,4.614862,4.025448
2.02108E+13,NA,2021-08-23 21:41:53,4.614862,4.025448
2.02108E+13,NA,2021-08-23 21:41:58,4.614862,4.025448
2.02108E+13,NA,2021-08-23 21:42:03,5.3404913,4.7463484
2.02108E+13,NA,2021-08-23 21:42:08,3.7023485,4.2850304
2.02108E+13,NA,2021-08-23 21:42:13,4.3042583,4.239255
2.02108E+13,NA,2021-08-23 21:42:18,4.3051114,4.2393622
2.02108E+13,NA,2021-08-23 21:42:23,5.7420187,5.3606224
2.02108E+13,NA,2021-08-23 21:42:28,3.8044338,4.2428446
2.02108E+13,NA,2021-08-23 21:42:33,3.8059711,4.2348194
2.02108E+13,NA,2021-08-23 21:42:38,5.1827965,4.6126056
2.02108E+13,NA,2021-08-23 21:42:43,5.475853,4.062001
2.02108E+13,NA,2021-08-23 21:42:48,5.294755,4.344124
2.02108E+13,NA,2021-08-23 21:42:53,3.8431234,4.7083244
2.02108E+13,NA,2021-08-23 21:42:58,3.7817307,4.2669134
2.02108E+13,NA,2021-08-23 21:43:03,3.7911534,4.2448316
2.02108E+13,DITL_va77,2021-08-23 21:43:08,4.827976,4.443619
2.02108E+13,NA,2021-08-23 21:43:13,4.43898,4.2270536
2.02108E+13,NA,2021-08-23 21:43:18,3.819326,4.2316647
2.02108E+13,NA,2021-08-23 21:43:23,3.9845738,4.1542797
2.02108E+13,NA,2021-08-23 21:43:28,3.8960624,4.1983356
2.02108E+13,NA,2021-08-23 21:43:33,3.885469,4.204917
2.02108E+13,NA,2021-08-23 21:43:38,3.9195242,4.1951475
2.02108E+13,NA,2021-08-23 21:43:43,4.4365783,4.0946703
2.02108E+13,NA,2021-08-23 21:43:48,3.9508686,4.1794558
2.02108E+13,NA,2021-08-23 21:43:53,5.5697455,5.150951
2.02108E+13,NA,2021-08-23 21:43:58,3.7870302,4.2314334
2.02108E+13,NA,2021-08-23 21:44:03,3.7914472,4.226283
2.02108E+13,NA,2021-08-23 21:44:08,5.222456,4.590068
2.02108E+13,NA,2021-08-23 21:44:13,3.7476382,4.2744904
2.02108E+13,NA,2021-08-23 21:44:18,3.9045382,4.1992536
2.02108E+13,NA,2021-08-23 21:44:23,4.0929475,4.1145554
2.02108E+13,NA,2021-08-23 21:44:28,3.7924805,4.233328
2.02108E+13,NA,2021-08-23 21:44:33,4.112318,4.1062946
2.02108E+13,NA,2021-08-23 21:44:38,3.997612,4.141934
2.02108E+13,NA,2021-08-23 21:44:43,5.739277,5.360151
2.02108E+13,NA,2021-08-23 21:44:46,3.7003021,4.3709154
2.02108E+13,NA,2021-08-23 21:44:48,4.2469964,4.1613
2.02108E+13,NA,2021-08-23 21:44:53,4.78639,3.9702592
2.02108E+13,NA,2021-08-23 21:44:58,3.8301992,4.2406864
2.02108E+13,NA,2021-08-23 21:45:03,3.9631038,4.1580896
2.02108E+13,NA,2021-08-23 21:45:08,4.1209555,4.211994
2.02108E+13,NA,2021-08-23 21:45:13,5.741326,5.3586674
2.02108E+13,NA,2021-08-23 21:45:18,5.7417088,5.3606205
2.02108E+13,NA,2021-08-23 23:31:08,3.7355666,4.289068
2.02108E+13,NA,2021-08-23 23:31:13,3.9470758,4.174341
2.02108E+13,NA,2021-08-23 23:31:18,3.9185715,4.19213
2.02108E+13,NA,2021-08-23 23:31:23,3.9185715,4.19213
2.02108E+13,NA,2021-08-23 23:31:28,3.9172554,4.192812
2.02108E+13,NA,2021-08-23 23:31:33,5.3249555,4.5217676
2.02108E+13,NA,2021-08-23 23:31:38,5.561052,4.945975
2.02108E+13,NA,2021-08-23 23:31:43,4.562508,4.0684986
2.02108E+13,NA,2021-08-23 23:31:48,5.318538,4.5542307
2.02108E+13,NA,2021-08-23 23:31:53,5.151711,4.249304
2.02108E+13,NA,2021-08-23 23:31:58,3.9569998,4.4016085
2.02108E+13,NA,2021-08-23 23:32:03,5.614254,5.489982
2.02108E+13,NA,2021-08-23 23:32:08,4.766987,3.9363363
2.02108E+13,NA,2021-08-23 23:32:13,5.4956603,5.329524
2.02108E+13,NA,2021-08-23 23:32:18,5.2566247,3.9607115
2.02108E+13,NA,2021-08-23 23:32:23,5.752005,5.653547
2.02108E+13,NA,2021-08-23 23:32:28,4.4551234,4.1894965
2.02108E+13,NA,2021-08-23 23:32:33,4.2176867,4.5116243
2.02108E+13,NA,2021-08-23 23:32:38,5.1768794,4.854186
2.02108E+13,NA,2021-08-23 23:32:43,4.523124,4.8008776
2.02108E+13,NA,2021-08-23 23:32:48,4.728468,5.435845
2.02108E+13,NA,2021-08-23 23:32:53,4.5099354,4.970246
2.02108E+13,NA,2021-08-23 23:32:58,4.4291873,5.0314636
2.02108E+13,NA,2021-08-23 23:33:03,4.8571324,5.1828504
2.02108E+13,DITL_va36,2021-08-23 23:33:08,3.6889071,4.594703
2.02108E+13,NA,2021-08-23 23:33:13,5.762605,5.533011
2.02108E+13,NA,2021-08-23 23:33:18,4.298129,5.3470225
2.02108E+13,NA,2021-08-23 23:33:23,5.0818834,5.6489496
2.02108E+13,NA,2021-08-23 23:33:28,4.5709515,5.22484
2.02108E+13,NA,2021-08-23 23:33:33,4.331926,5.0695777
2.02108E+13,NA,2021-08-23 23:33:38,5.03303,5.4068546
2.02108E+13,NA,2021-08-23 23:33:43,4.602706,4.9948645
2.02108E+13,NA,2021-08-23 23:33:48,5.045533,5.552004
2.02108E+13,NA,2021-08-23 23:33:53,5.0525837,5.3767996
2.02108E+13,NA,2021-08-23 23:33:58,5.7322683,5.7081094
2.02108E+13,NA,2021-08-23 23:34:03,5.641768,5.682376
2.02108E+13,NA,2021-08-23 23:34:08,4.5466614,5.540386
2.02108E+13,NA,2021-08-23 23:34:13,4.5679474,5.5400686
2.02108E+13,NA,2021-08-23 23:34:18,4.661392,5.4844627
2.02108E+13,NA,2021-08-23 23:34:23,4.4967623,5.2003875
2.02108E+13,NA,2021-08-23 23:34:28,4.6211658,5.6791387
2.02108E+13,NA,2021-08-23 23:34:33,4.264756,5.541381
2.02108E+13,NA,2021-08-23 23:34:38,5.361699,5.454831
2.02108E+13,NA,2021-08-23 23:34:43,4.539843,5.282649
2.02108E+13,NA,2021-08-23 23:34:48,4.5162315,5.080058
2.02108E+13,NA,2021-08-23 23:34:53,4.455047,5.1490283
2.02108E+13,NA,2021-08-23 23:34:58,4.472834,4.7077303
2.02108E+13,NA,2021-08-23 23:35:03,5.268589,4.4519997
2.02108E+13,NA,2021-08-23 23:35:08,4.8556924,4.6612587
2.02108E+13,NA,2021-08-23 23:35:13,4.876264,4.712412
2.02108E+13,NA,2021-08-23 23:35:18,5.0139174,4.237176
2.02108E+13,NA,2021-08-23 23:35:23,4.7618833,4.1607394
2.02108E+13,NA,2021-08-23 23:35:28,4.8254395,4.1314936
2.02108E+13,NA,2021-08-23 23:35:33,4.955392,4.156929
2.02108E+13,NA,2021-08-23 23:35:38,5.592355,5.484781
2.02108E+13,NA,2021-08-23 23:35:43,5.6416287,5.61697
2.02108E+13,NA,2021-08-23 23:35:48,4.507399,5.498322
2.02108E+13,NA,2021-08-23 23:35:53,4.881423,4.76978
2.02108E+13,NA,2021-08-23 23:35:58,4.5831347,5.3537197
2.02108E+13,NA,2021-08-23 23:36:03,5.326749,4.1506033
2.02108E+13,NA,2021-08-23 23:36:08,4.935931,4.5837336
2.02108E+13,NA,2021-08-23 23:36:13,5.3385463,4.759084
2.02108E+13,NA,2021-08-23 23:36:18,5.278266,4.595507
2.02108E+13,NA,2021-08-23 23:36:23,4.974622,4.366399
2.02108E+13,NA,2021-08-23 23:36:28,5.591239,4.808981
2.02108E+13,NA,2021-08-23 23:36:33,5.069269,4.315862
2.02108E+13,NA,2021-08-23 23:36:38,5.311212,5.0476847
2.02108E+13,NA,2021-08-23 23:36:43,4.813677,4.311511
2.02108E+13,NA,2021-08-23 23:36:48,4.99065,4.3810954
2.02108E+13,NA,2021-08-23 23:36:53,4.9928164,4.8154144
2.02108E+13,NA,2021-08-23 23:36:58,4.761387,4.6436496
2.02108E+13,NA,2021-08-23 23:37:03,4.413813,4.414185
2.02108E+13,NA,2021-08-23 23:37:08,4.363472,4.41683
2.02108E+13,NA,2021-08-23 23:37:13,4.2607956,4.2323275
2.02108E+13,NA,2021-08-23 23:37:18,4.25095,4.2279778
2.02108E+13,NA,2021-08-23 23:37:23,4.4693704,4.617857
2.02108E+13,NA,2021-08-23 23:37:28,4.3145356,4.2492847
2.02108E+13,NA,2021-08-23 23:37:33,4.5677543,4.2609277
2.02108E+13,NA,2021-08-23 23:37:38,5.4207954,4.651497
2.02108E+13,NA,2021-08-23 23:37:43,5.290848,4.2563744
2.02108E+13,NA,2021-08-23 23:37:48,4.804362,4.642008
2.02108E+13,NA,2021-08-23 23:37:53,4.915156,4.6502724
2.02108E+13,NA,2021-08-23 23:37:58,5.2204843,4.3474174
2.02108E+13,NA,2021-08-23 23:38:03,4.98303,4.385909
2.02108E+13,NA,2021-08-23 23:38:08,4.958319,4.423585
2.02108E+13,NA,2021-08-23 23:38:13,4.585064,4.3392215
2.02108E+13,NA,2021-08-23 23:38:18,5.327796,4.820366
2.02108E+13,DITL_va78,2021-08-23 23:38:23,4.9482813,4.484823
2.02108E+13,NA,2021-08-23 23:38:28,3.8155942,4.380561
2.02108E+13,NA,2021-08-23 23:38:33,4.786972,4.350515
2.02108E+13,NA,2021-08-23 23:38:38,4.3502836,5.1215596
2.02108E+13,NA,2021-08-23 23:38:43,4.8349295,5.0303125
2.02108E+13,NA,2021-08-23 23:38:48,4.8222017,4.3803883
2.02108E+13,NA,2021-08-23 23:38:53,5.271413,4.737392
2.02108E+13,NA,2021-08-23 23:38:58,4.9345613,4.9122887
2.02108E+13,NA,2021-08-23 23:39:03,5.1746798,4.960766
2.02108E+13,NA,2021-08-23 23:39:08,5.0290837,5.1656737
2.02108E+13,NA,2021-08-23 23:39:13,4.9913716,4.358291
2.02108E+13,NA,2021-08-23 23:39:18,3.7830129,4.619036
2.02108E+13,NA,2021-08-23 23:39:23,3.7679558,4.527257
2.02108E+13,NA,2021-08-23 23:39:28,3.7660441,4.432193
2.02108E+13,NA,2021-08-23 23:39:33,5.5202403,5.411999
2.02108E+13,NA,2021-08-23 23:39:38,5.5742307,5.4546146
2.02108E+13,NA,2021-08-23 23:39:43,4.111252,4.3451204
2.02108E+13,NA,2021-08-23 23:39:48,4.1056833,4.2645464
2.02108E+13,NA,2021-08-23 23:39:53,4.1056833,4.2645464
2.02108E+13,NA,2021-08-23 23:45:05,3.7181392,4.318799
2.02108E+13,NA,2021-08-23 23:45:08,3.9300761,4.1897783
2.02108E+13,NA,2021-08-23 23:45:13,3.7585459,4.274155
2.02108E+13,NA,2021-08-23 23:45:18,4.024328,4.1396794
2.02108E+13,NA,2021-08-23 23:45:23,3.8163276,4.2130036
2.02108E+13,NA,2021-08-23 23:45:28,3.754911,4.2422647
2.02108E+13,NA,2021-08-23 23:45:33,3.8128943,4.212217
2.02108E+13,NA,2021-08-23 23:45:38,3.7662091,4.270016
2.02108E+13,NA,2021-08-23 23:45:43,3.8335109,4.2295322
2.02108E+13,NA,2021-08-23 23:45:48,3.7763586,4.236573
2.02108E+13,NA,2021-08-23 23:45:53,4.0706434,4.150669
2.02108E+13,NA,2021-08-23 23:45:58,3.8604584,4.4616294
2.02108E+13,NA,2021-08-23 23:46:03,5.736594,5.356617
2.02108E+13,NA,2021-08-23 23:46:08,5.7363305,5.355527
2.02108E+13,NA,2021-08-23 23:46:13,3.9345493,4.1706686
2.02108E+13,NA,2021-08-23 23:46:18,5.7352824,5.356355
2.02108E+13,NA,2021-08-23 23:46:23,4.367442,4.1371055
2.02108E+13,NA,2021-08-23 23:46:28,5.851551,5.668168
2.02108E+13,NA,2021-08-23 23:46:33,5.5329146,4.9257226
2.02108E+13,DITL_va79,2021-08-23 23:46:38,3.6815476,4.395961
2.02108E+13,NA,2021-08-23 23:46:43,3.9458137,4.5932016
2.02108E+13,NA,2021-08-23 23:46:48,4.309535,4.7269177
2.02108E+13,NA,2021-08-23 23:46:53,4.9219337,4.739322
2.02108E+13,NA,2021-08-23 23:46:58,5.2749047,5.0178943
2.02108E+13,DITL_va37,2021-08-23 23:47:03,5.5674872,5.609406
2.02108E+13,NA,2021-08-23 23:47:08,5.499712,5.474139
2.02108E+13,NA,2021-08-23 23:47:13,4.315954,5.002249
2.02108E+13,NA,2021-08-23 23:47:18,5.1102185,4.227848
2.02108E+13,DITL_va80,2021-08-23 23:47:23,6.198902,4.2828727
2.02108E+13,NA,2021-08-23 23:47:28,3.7550364,4.270873
2.02108E+13,NA,2021-08-23 23:47:33,3.9587617,4.1701307
2.02108E+13,NA,2021-08-23 23:47:38,3.7882872,4.2256103
2.02108E+13,NA,2021-08-23 23:47:43,3.809432,4.218305
2.02108E+13,NA,2021-08-23 23:47:48,3.9601908,4.1569242
2.02108E+13,NA,2021-08-23 23:47:53,3.8551235,4.2380304
2.02108E+13,NA,2021-08-23 23:47:58,3.920722,4.1895533
2.02108E+13,NA,2021-08-23 23:48:03,4.3146486,4.263374
2.02108E+13,NA,2021-08-23 23:48:08,3.8295999,4.413982
2.02108E+13,NA,2021-08-23 23:48:13,4.12011,4.3401766
2.02108E+13,NA,2021-08-23 23:48:18,3.9697347,4.1902456
2.02108E+13,NA,2021-08-23 23:48:23,3.7788444,4.8998528
2.02108E+13,DITL_va38,2021-08-23 23:48:28,4.092608,4.269559
2.02108E+13,DITL_va81,2021-08-23 23:48:33,4.6087074,4.338164
2.02108E+13,NA,2021-08-23 23:48:38,3.9500284,4.1809397
2.02108E+13,NA,2021-08-23 23:48:43,3.8653665,4.2156835
2.02108E+13,NA,2021-08-23 23:48:48,5.4153066,4.91313
2.02108E+13,NA,2021-08-23 23:48:53,5.1144686,4.6466923
2.02108E+13,NA,2021-08-23 23:48:58,5.353051,4.8324747
2.02108E+13,NA,2021-08-23 23:49:03,3.8595452,4.2299886
2.02108E+13,NA,2021-08-23 23:49:08,3.8976002,4.1913376
2.02108E+13,NA,2021-08-23 23:49:13,4.350412,4.072086
2.02108E+13,DITL_va82,2021-08-23 23:49:18,5.406581,4.3821297
2.02108E+13,NA,2021-08-23 23:49:23,3.9040432,4.196375
2.02108E+13,NA,2021-08-23 23:49:28,3.8871017,4.2255774
2.02108E+13,NA,2021-08-23 23:49:33,3.972972,4.501876
2.02108E+13,NA,2021-08-23 23:49:38,4.2254477,4.123547
2.02108E+13,NA,2021-08-23 23:49:43,3.8338199,4.257377
2.02108E+13,NA,2021-08-23 23:49:48,3.7850347,4.2641006
2.02108E+13,NA,2021-08-23 23:49:53,3.7712135,4.2607236
2.02108E+13,NA,2021-08-23 23:49:58,3.894765,4.2216396
2.02108E+13,NA,2021-08-23 23:50:03,4.278738,4.084133
2.02108E+13,NA,2021-08-23 23:50:08,3.8615851,4.204357
2.02108E+13,NA,2021-08-23 23:50:13,5.3319454,3.9245725
2.02108E+13,NA,2021-08-23 23:50:18,3.7009897,4.3460274
2.02108E+13,NA,2021-08-23 23:50:23,4.111176,4.7413692
2.02108E+13,NA,2021-08-23 23:50:28,3.8349328,4.238798
2.02108E+13,NA,2021-08-23 23:50:33,3.878261,4.182145
2.02108E+13,NA,2021-08-23 23:50:38,5.524221,5.4821014
2.02108E+13,NA,2021-08-23 23:50:43,4.0712414,4.258729
2.02108E+13,NA,2021-08-23 23:50:48,4.103717,4.141266
2.02108E+13,DITL_va39,2021-08-23 23:50:53,5.30411,4.4653296
2.02108E+13,NA,2021-08-23 23:50:58,3.860376,4.2059374
2.02108E+13,NA,2021-08-23 23:51:03,4.4251585,4.1900625
2.02108E+13,DITL_va83,2021-08-23 23:51:08,3.6905794,4.424592
2.02108E+13,NA,2021-08-23 23:51:13,5.5384836,5.528147
2.02108E+13,DITL_va40,2021-08-23 23:51:18,6.577669,5.656712
2.02108E+13,NA,2021-08-23 23:51:23,4.8230586,5.5385447
2.02108E+13,NA,2021-08-23 23:51:28,4.8919806,5.5826693
2.02108E+13,NA,2021-08-23 23:51:33,5.9012613,5.8310165
2.02108E+13,DITL_va84,2021-08-23 23:51:38,5.750307,5.778472
2.02108E+13,DITL_va85,2021-08-23 23:51:43,5.4134703,5.964319
2.02108E+13,NA,2021-08-23 23:51:48,5.4227867,5.6781883
2.02108E+13,NA,2021-08-23 23:51:53,5.713193,5.7230883
2.02108E+13,DITL_va41,2021-08-23 23:51:58,6.2533407,5.612438
2.02108E+13,NA,2021-08-23 23:52:03,6.2686286,5.7498984
2.02108E+13,NA,2021-08-23 23:52:08,5.910632,5.581814
2.02108E+13,NA,2021-08-23 23:52:13,5.500549,5.1426964
2.02108E+13,DITL_va86,2021-08-23 23:52:18,7.0068398,5.993341
2.02108E+13,DITL_va42,2021-08-23 23:52:23,5.2861776,5.858985
2.02108E+13,NA,2021-08-23 23:52:28,5.088181,4.677226
2.02108E+13,NA,2021-08-23 23:52:33,5.3244295,4.021717
2.02108E+13,NA,2021-08-23 23:52:38,5.741578,5.6675606
2.02108E+13,NA,2021-08-23 23:52:43,5.3992257,5.5883875
2.02108E+13,NA,2021-08-23 23:52:48,5.6766777,5.556701
2.02108E+13,NA,2021-08-23 23:52:53,5.7729464,5.655823
2.02108E+13,NA,2021-08-23 23:52:58,5.41723,5.382099
2.02108E+13,NA,2021-08-23 23:53:03,5.650755,5.578666
2.02108E+13,NA,2021-08-23 23:53:08,4.4166174,5.1877346
2.02108E+13,NA,2021-08-23 23:53:13,4.9644485,4.9399886
2.02108E+13,NA,2021-08-23 23:53:18,5.5447884,5.4957666
2.02108E+13,NA,2021-08-23 23:53:23,5.0558605,4.0142636
2.02108E+13,NA,2021-08-23 23:53:28,5.0041003,4.0548925
2.02108E+13,NA,2021-08-23 23:53:33,5.248123,4.4922104
2.02108E+13,NA,2021-08-23 23:53:38,5.104397,4.4571753
2.02108E+13,NA,2021-08-23 23:53:43,5.244878,4.6090183
2.02108E+13,NA,2021-08-23 23:53:48,5.5495267,5.5189424
2.02108E+13,NA,2021-08-23 23:53:53,4.3348513,5.0905538
2.02108E+13,NA,2021-08-23 23:53:58,4.285316,4.5490522
2.02108E+13,NA,2021-08-23 23:54:03,4.945082,5.008384
2.02108E+13,NA,2021-08-23 23:54:08,4.461859,5.416097
2.02108E+13,NA,2021-08-23 23:54:13,5.641594,4.415656
2.02108E+13,NA,2021-08-23 23:54:18,5.681757,4.5571804
2.02108E+13,DITL_va87,2021-08-23 23:54:23,5.968808,5.7782564
2.02108E+13,NA,2021-08-23 23:54:28,5.577336,5.5811014
2.02108E+13,NA,2021-08-23 23:54:33,5.539796,5.7514696
2.02108E+13,DITL_va88,2021-08-23 23:54:38,6.0905976,5.556453
2.02108E+13,NA,2021-08-23 23:54:43,5.8843517,5.6794224
2.02108E+13,DITL_va43,2021-08-23 23:54:48,5.951252,5.6066103
2.02108E+13,NA,2021-08-23 23:54:53,5.650457,5.5088325
2.02108E+13,NA,2021-08-23 23:54:58,5.2149706,4.536379
2.02108E+13,NA,2021-08-23 23:55:03,5.8158946,4.2187552
2.02108E+13,NA,2021-08-23 23:55:08,5.89402,5.7220936
2.02108E+13,NA,2021-08-23 23:55:13,5.390197,5.0315576
2.02108E+13,NA,2021-08-23 23:55:18,4.354179,5.4079275
2.02108E+13,DITL_va89,2021-08-23 23:55:23,6.7452307,5.9820113
2.02108E+13,NA,2021-08-23 23:55:28,5.738093,5.356785
2.02108E+13,NA,2021-08-23 23:55:33,3.8807154,4.213308
2.02108E+13,NA,2021-08-23 23:55:38,5.738093,5.356785
2.02108E+13,DITL_va44,2021-08-23 23:55:43,6.288798,3.9235537
2.02108E+13,DITL_va90,2021-08-23 23:55:48,6.6532984,3.899981
2.02108E+13,NA,2021-08-24 00:05:02,3.6896935,4.308074
2.02108E+13,NA,2021-08-24 00:05:03,3.7072139,4.297189
2.02108E+13,NA,2021-08-24 01:01:07,3.767686,4.2731924
2.02108E+13,NA,2021-08-24 01:01:13,4.1422524,4.1265063
2.02108E+13,NA,2021-08-24 01:01:18,3.7956014,4.2508173
2.02108E+13,NA,2021-08-24 01:01:23,3.7829409,4.257944
2.02108E+13,NA,2021-08-24 01:01:28,5.1999717,3.9504747
2.02108E+13,NA,2021-08-24 01:01:33,5.2906694,5.7631936
2.02108E+13,NA,2021-08-24 01:01:38,5.736829,5.3659163
2.02108E+13,NA,2021-08-24 01:01:43,5.736829,5.3659163
2.02108E+13,NA,2021-08-24 01:01:48,5.6007223,4.31973
2.02108E+13,NA,2021-08-24 01:01:53,4.845788,5.065708
2.02108E+13,NA,2021-08-24 01:01:58,5.360793,4.8742256
2.02108E+13,NA,2021-08-24 01:02:03,4.4332128,4.798791
2.02108E+13,NA,2021-08-24 01:02:08,4.0581927,4.9591646
2.02108E+13,NA,2021-08-24 01:02:13,3.8019304,4.256822
2.02108E+13,NA,2021-08-24 01:02:18,4.488911,4.716593
2.02108E+13,NA,2021-08-24 01:02:23,4.052628,4.8036413
2.02108E+13,NA,2021-08-24 01:02:28,4.0140805,4.756299
2.02108E+13,NA,2021-08-24 01:02:33,4.4816766,4.996919
2.02108E+13,NA,2021-08-24 01:02:38,4.3103075,4.7543736
2.02108E+13,NA,2021-08-24 01:02:43,4.359505,4.7553077
2.02108E+13,NA,2021-08-24 01:02:48,3.8948212,5.1893315
2.02108E+13,NA,2021-08-24 01:02:53,3.8996482,5.5077806
2.02108E+13,NA,2021-08-24 01:02:58,4.0283966,4.5033765
2.02108E+13,NA,2021-08-24 01:03:03,3.7885795,4.265196
2.02108E+13,NA,2021-08-24 01:03:08,5.7370167,5.3659477
2.02108E+13,NA,2021-08-24 04:44:00,3.687663,4.3388486
2.02108E+13,NA,2021-08-24 04:44:03,5.7363667,5.366443
2.02108E+13,NA,2021-08-24 04:44:08,5.7363667,5.366443
2.02108E+13,NA,2021-08-24 04:44:13,5.322294,4.526182
2.02108E+13,NA,2021-08-24 04:44:18,3.7659183,4.247667
2.02108E+13,NA,2021-08-24 04:44:23,3.979517,4.1913233
2.02108E+13,NA,2021-08-24 04:44:28,5.3226233,4.52504
2.02108E+13,NA,2021-08-24 04:44:33,5.245744,5.418147
2.02108E+13,NA,2021-08-24 04:44:38,5.3569145,5.4203787
2.02108E+13,NA,2021-08-24 04:44:43,5.58242,4.383735
2.02108E+13,NA,2021-08-24 04:44:48,5.3838577,5.7147794
2.02108E+13,NA,2021-08-24 04:44:53,5.210059,4.379607
2.02108E+13,NA,2021-08-24 04:44:58,5.601374,5.378646
2.02108E+13,NA,2021-08-24 04:45:03,5.456991,5.6290755
2.02108E+13,NA,2021-08-24 04:45:08,4.754851,4.3441763
2.02108E+13,NA,2021-08-24 04:45:13,5.597513,5.6553617
2.02108E+13,DITL_va91,2021-08-24 04:45:18,5.253027,5.2605357
2.02108E+13,NA,2021-08-24 04:45:23,4.7425804,5.611286
2.02108E+13,NA,2021-08-24 04:45:28,5.070885,4.827611
2.02108E+13,DITL_va45,2021-08-24 04:45:33,4.50045,5.883857
2.02108E+13,DITL_va92,2021-08-24 04:45:38,5.921604,5.398613
2.02108E+13,NA,2021-08-24 04:45:43,5.447086,5.3676715
2.02108E+13,DITL_va46,2021-08-24 04:45:48,5.711889,5.894187
2.02108E+13,NA,2021-08-24 04:45:53,5.2063527,4.267561
2.02108E+13,DITL_va93,2021-08-24 04:45:58,5.1591864,4.129945
2.02108E+13,NA,2021-08-24 04:46:03,5.1351395,4.114668
2.02108E+13,NA,2021-08-24 04:46:08,5.0719247,4.3650494
2.02108E+13,NA,2021-08-24 04:46:13,5.3728647,4.7263618
2.02108E+13,NA,2021-08-24 04:46:18,4.7892294,5.645933
2.02108E+13,NA,2021-08-24 04:46:23,5.4530067,4.5738316
2.02108E+13,NA,2021-08-24 04:46:28,5.3694615,4.8238893
2.02108E+13,NA,2021-08-24 04:46:33,5.451337,4.6668825
2.02108E+13,NA,2021-08-24 04:46:38,5.2458696,4.3378005
2.02108E+13,NA,2021-08-24 04:46:43,5.6276593,5.137358
2.02108E+13,NA,2021-08-24 04:46:48,4.496386,5.3886003
2.02108E+13,NA,2021-08-24 04:46:53,6.0591416,5.6830373
2.02108E+13,NA,2021-08-24 04:46:58,5.2525563,4.280477
2.02108E+13,DITL_va94,2021-08-24 04:47:03,6.2158127,5.842427
2.02108E+13,DITL_va47,2021-08-24 04:47:08,3.73777,5.2138076
2.02108E+13,NA,2021-08-24 04:47:13,5.309795,4.591806
2.02108E+13,DITL_va95,2021-08-24 04:47:18,5.683314,4.8178587
2.02108E+13,NA,2021-08-24 04:47:23,5.182273,4.783503
2.02108E+13,NA,2021-08-24 04:47:28,5.7879367,5.5434995
2.02108E+13,NA,2021-08-24 04:47:33,5.5269322,5.405918
2.02108E+13,DITL_va48,2021-08-24 04:47:38,5.8312774,5.7197466
2.02108E+13,NA,2021-08-24 04:47:43,5.4725475,5.1967525
2.02108E+13,NA,2021-08-24 04:47:48,5.508304,5.2887535
2.02108E+13,NA,2021-08-24 04:47:53,5.301108,4.56062
2.02108E+13,NA,2021-08-24 04:47:58,5.208549,5.067381
2.02108E+13,DITL_va96,2021-08-24 04:48:03,6.0532556,5.3207626
2.02108E+13,NA,2021-08-24 04:48:08,5.603143,4.899391
2.02108E+13,DITL_va97,2021-08-24 04:48:13,4.985286,5.7828245
2.02108E+13,NA,2021-08-24 04:48:18,5.7131376,5.3499393
2.02108E+13,NA,2021-08-24 04:48:23,5.321811,4.8256617
2.02108E+13,NA,2021-08-24 04:48:28,4.935254,5.516181
2.02108E+13,NA,2021-08-24 04:48:33,5.676261,4.731414
2.02108E+13,NA,2021-08-24 04:48:38,5.041409,5.72833
2.02108E+13,DITL_va49,2021-08-24 04:48:43,5.12541,4.5881543
2.02108E+13,NA,2021-08-24 04:48:48,5.3461967,5.14194
2.02108E+13,NA,2021-08-24 04:48:53,5.419415,4.939278
2.02108E+13,NA,2021-08-24 04:48:58,5.85903,5.690479
2.02108E+13,NA,2021-08-24 04:49:03,5.968564,5.7081065
2.02108E+13,NA,2021-08-24 04:49:08,5.7240825,5.7067466
2.02108E+13,NA,2021-08-24 04:49:13,5.6133327,5.7579317
2.02108E+13,NA,2021-08-24 04:49:18,5.3787827,5.410514
2.02108E+13,NA,2021-08-24 04:49:23,5.338838,4.069598
2.02108E+13,NA,2021-08-24 04:49:28,5.6040096,5.0278997
2.02108E+13,NA,2021-08-24 04:49:33,4.164276,5.6348734
2.02108E+13,DITL_va98,2021-08-24 04:49:38,4.627003,6.0573254
2.02108E+13,NA,2021-08-24 04:49:43,4.153685,6.1123886
2.02108E+13,NA,2021-08-24 04:49:48,5.038769,5.7383494
2.02108E+13,NA,2021-08-24 04:49:53,5.6922536,5.5376835
2.02108E+13,NA,2021-08-24 04:49:58,5.630491,5.6139417
2.02108E+13,NA,2021-08-24 04:50:03,5.713348,5.6799173
2.02108E+13,NA,2021-08-24 04:50:08,5.666315,5.6281505
2.02108E+13,NA,2021-08-24 04:50:13,3.8711119,4.2091923
2.02108E+13,NA,2021-08-24 04:50:18,4.1237264,4.1379166
2.02108E+13,NA,2021-08-24 04:50:23,5.3666935,5.142562
2.02108E+13,NA,2021-08-24 04:50:28,5.6998568,5.344547
2.02108E+13,NA,2021-08-24 04:50:33,3.7670264,4.258281
2.02108E+13,NA,2021-08-24 07:22:57,3.7528381,4.294531
2.02108E+13,NA,2021-08-24 07:23:03,3.7751822,4.245164
2.02108E+13,NA,2021-08-24 08:09:49,3.6803966,4.322025
2.02108E+13,NA,2021-08-24 08:09:53,4.2107034,4.090846
